"date","work_sel_id","worker_p"
2018-01-01,flex_time_work,3147
2018-01-01,alter_time_work,3894
2018-01-01,concentrate_work,83
2018-01-01,flex_work,2167
2018-01-01,select_work,0
2018-01-01,free_work,0
2018-01-01,home_work,0
2018-01-01,smart_work,0
2019-01-01,flex_time_work,3033
2019-01-01,alter_time_work,4935
2019-01-01,concentrate_work,54
2019-01-01,flex_work,2198
2019-01-01,select_work,0
2019-01-01,free_work,0
2019-01-01,home_work,0
2019-01-01,smart_work,0
2020-01-01,flex_time_work,2974
2020-01-01,alter_time_work,5312
2020-01-01,concentrate_work,27
2020-01-01,flex_work,2972
2020-01-01,select_work,0
2020-01-01,free_work,0
2020-01-01,home_work,7078
2020-01-01,smart_work,0
