"date","work_sel_id","apply_reason_id","work_p"
2020-01-01,flex_time_work,a01,40
2020-01-01,flex_time_work,a02,825
2020-01-01,flex_time_work,a03,1
2020-01-01,flex_time_work,a04,26
2020-01-01,flex_time_work,a05,13
2020-01-01,flex_time_work,a06,295
2020-01-01,flex_time_work,a07,114
2020-01-01,alter_time_work,a01,1
2020-01-01,alter_time_work,a02,21
2020-01-01,alter_time_work,a03,2
2020-01-01,alter_time_work,a04,5
2020-01-01,alter_time_work,a05,0
2020-01-01,alter_time_work,a06,40
2020-01-01,alter_time_work,a07,21
2020-01-01,home_work,a01,7
2020-01-01,home_work,a02,1
2020-01-01,home_work,a03,0
2020-01-01,home_work,a04,1
2020-01-01,home_work,a05,0
2020-01-01,home_work,a06,49
2020-01-01,home_work,a07,1010
